id;name;content;content_content_type;description
1;architectures a;../fake-data/blob/hipster.png;image/png;SMS
2;value-added Cotton compelling;../fake-data/blob/hipster.png;image/png;extend
3;Borders out-of-the-box;../fake-data/blob/hipster.png;image/png;Berkshire la a
4;payment vortals Fresh;../fake-data/blob/hipster.png;image/png;Borders Nord-Pas-de-Calais Awesome
5;ADP;../fake-data/blob/hipster.png;image/png;silver programming
6;quantify;../fake-data/blob/hipster.png;image/png;Cambridgeshire matrices Balboa
7;ADP;../fake-data/blob/hipster.png;image/png;Nesle
8;card Metal;../fake-data/blob/hipster.png;image/png;cultivate Loan la
9;Home deploy navigating;../fake-data/blob/hipster.png;image/png;b
10;Avon;../fake-data/blob/hipster.png;image/png;Practical
