id;first_name;last_name;email;phone_number;peoplename
1;Flavie;Poirier;Narcisse_Pons66@hotmail.fr;drive;calculating
2;Pascal;Jean;Hubert_Caron@gmail.com;matrix Granite one-to-one;Concrete
3;Léon;Leclercq;Cleste.Simon63@gmail.com;Buckinghamshire;generate Awesome
4;Barnabé;Joly;Laura56@gmail.com;Front-line;hybrid a
5;Mélissandre;Jean;Sabine_Jean47@gmail.com;engage c;communities
6;Éleuthère;Jacquet;Mlanie_Rodriguez62@gmail.com;Presbourg;Handmade Barbados Soft
7;Anceline;Rolland;Lydie.Pierre39@gmail.com;c connecting Hat;yellow Graphic
8;Anne;Dupuy;Jolle.Charpentier@hotmail.fr;multi-byte b;withdrawal
9;Cassien;Carpentier;Delphin27@gmail.com;Frozen European;Guinée-Bissau Nesle Expanded
10;Arielle;Philippe;Batrice.Hubert21@hotmail.fr;Borders SCSI SDD;Checking
